,Model,Accuracy
0,Decision Tree,0.9333333333333333
1,KNN,0.9333333333333333
